"","X1","X2","X3","X4"
"1",0,0,0,0
"2",0,0,0,0
"3",0,0,0,0
"4",0,0,0,0
"5",0,0,0,0
"6",0,0,0,0
"7",0,0,0,0
"8",0,0,0,0
"9",0,0,0,0
"10",0,0,0,0
"11",0,0,0,0
"12",0,0,0,0
"13",0,0,0,0
"14",0,0,0,0
"15",0,0,0,0
"16",0,0,0,0
"17",0,0,0,0
"18",0,0,0,0
"19",0,0,0,0
"20",0,0,0,0
"21",0,0,0,0
"22",0,0,0,0
"23",0,0,0,0
"24",0,0,0,0
"25",0,0,0,0
"26",0,0,0,0
"27",0,0,0,0
"28",0,0,0,0
"29",0,0,0,0
"30",0,0,0,0
"31",0,0,0,0
"32",0,0,0,0
"33",0,0,0,0
"34",0,0,0,0
"35",0,0,0,0
"36",0,0,0,0
"37",0,0,0,0
"38",0,0,0,0
"39",0,0,0,0
"40",0,0,0,0
"41",0,0,0,0
"42",0,0,0,0
"43",0,0,0,0
"44",0,0,0,0
"45",0,0,0,0
"46",0,0,0,0
"47",0,0,0,0
"48",0,0,0,0
"49",0,0,0,0
"50",0,0,0,0
"51",0,0,0,0
"70",0,0,0,0
"71",0,0,0,0
"72",0,0,0,0
"73",0,0,0,0
"74",0,0,0,0
"75",0,0,0,0
"76",0,0,0,0
"77",0,0,0,0
"78",0,0,0,0
"79",0,0,0,0
"80",0,0,0,0
"81",0,0,0,0
"82",0,0,0,0
"83",0,0,0,0
"84",0,0,0,0
"85",0,0,0,0
"86",0,0,0,0
"87",0,0,0,0
"88",0,0,0,0
"89",0,0,0,0
"90",0,0,0,0
"91",0,0,0,0
"92",0,0,0,0
"93",0,0,0,0
"94",0,0,0,0
"95",0,0,0,0
"96",0,0,0,0
"97",0,0,0,0
"98",0,0,0,0
"99",0,0,0,0
"100",0,0,0,0
"101",0,0,0,0
"102",0,0,0,0
"103",0,0,0,0
"104",0,0,0,0
"105",0,0,0,0
"106",0,0,0,0
"107",0,0,0,0
"108",0,0,0,0
"109",0,0,0,0
"110",0,0,0,0
"111",0,0,0,0
"112",0,0,0,0
"113",0,0,0,0
"114",0,0,0,0
"115",0,0,0,0
"116",0,0,0,0
"117",0,0,0,0
"118",0,0,0,0
"119",0,0,0,0
"120",0,0,0,0
"121",0,0,0,0
"122",0,0,0,0
"123",0,0,0,0
"124",0,0,0,0
"125",0,0,0,0
"126",0,0,0,0
"127",0,0,0,0
"128",0,0,0,0
"129",0,0,0,0
"130",0,0,0,0
"131",0,0,0,0
"132",0,0,0,0
"133",0,0,0,0
"134",0,0,0,0
"135",0,0,0,0
"159",0,0,0,0
"160",0,0,0,0
"161",0,0,0,0
"162",0,0,0,0
"163",0,0,0,0
"164",0,0,0,0
"165",0,0,0,0
"166",0,0,0,0
"167",0,0,0,0
"168",0,0,0,0
"169",0,0,0,0
"170",0,0,0,0
"171",0,0,0,0
"172",0,0,0,0
"173",0,0,0,0
"174",0,0,0,0
"175",0,0,0,0
"176",0,0,0,0
"177",0,0,0,0
"178",0,0,0,0
"179",0,0,0,0
"180",0,0,0,0
"181",0,0,0,0
"182",0,0,0,0
"183",0,0,0,0
"184",0,0,0,0
"185",0,0,0,0
"186",0,0,0,0
"187",0,0,0,0
"188",0,0,0,0
"189",0,0,0,0
"190",0,0,0,0
"191",0,0,0,0
"192",0,0,0,0
"193",0,0,0,0
"194",0,0,0,0
"195",0,0,0,0
"196",0,0,0,0
"197",0,0,0,0
"198",0,0,0,0
"199",0,0,0,0
"200",0,0,0,0
"201",0,0,0,0
"202",0,0,0,0
"203",0,0,0,0
"204",0,0,0,0
"205",0,0,0,0
"206",0,0,0,0
"207",0,0,0,0
"208",0,0,0,0
"209",0,0,0,0
"210",0,0,0,0
"211",0,0,0,0
"212",0,0,0,0
"213",0,0,0,0
"214",0,0,0,0
"215",0,0,0,0
"216",0,0,0,0
"217",0,0,0,0
"218",0,0,0,0
"219",0,0,0,0
"220",0,0,0,0
"221",0,0,0,0
"222",0,0,0,0
"223",0,0,0,0
"224",0,0,0,0
"225",0,0,0,0
"226",0,0,0,0
"227",0,0,0,0
"228",0,0,0,0
"229",0,0,0,0
"230",0,0,0,0
"231",0,0,0,0
"232",0,0,0,0
"233",0,0,0,0
"234",0,0,0,0
"235",0,0,0,0
"236",0,0,0,0
"237",0,0,0,0
"238",0,0,0,0
"239",0,0,0,0
"240",0,0,0,0
"241",0,0,0,0
"242",0,0,0,0
"243",0,0,0,0
"244",0,0,0,0
"245",0,0,0,0
"246",0,0,0,0
"247",0,0,0,0
"248",0,0,0,0
"249",0,0,0,0
"250",0,0,0,0
"251",0,0,0,0
"252",0,0,0,0
"253",0,0,0,0
"254",0,0,0,0
"255",0,0,0,0
"256",0,0,0,0
"257",0,0,0,0
"258",0,0,0,0
"259",0,0,0,0
"260",0,0,0,0
"261",0,0,0,0
"262",0,0,0,0
"263",0,0,0,0
"264",0,0,0,0
"265",0,0,0,0
"266",0,0,0,0
"267",0,0,0,0
"268",0,0,0,0
"269",0,0,0,0
"270",0,0,0,0
"271",0,0,0,0
"272",0,0,0,0
"273",0,0,0,0
"274",0,0,0,0
"275",0,0,0,0
"276",0,0,0,0
"277",0,0,0,0
"278",0,0,0,0
"279",0,0,0,0
"280",0,0,0,0
"281",0,0,0,0
"282",0,0,0,0
"283",0,0,0,0
"284",0,0,0,0
"285",0,0,0,0
"286",0,0,0,0
"287",0,0,0,0
"288",0,0,0,0
"289",0,0,0,0
"290",0,0,0,0
"291",0,0,0,0
"292",0,0,0,0
"293",0,0,0,0
"294",0,0,0,0
"295",0,0,0,0
"296",0,0,0,0
"297",0,0,0,0
"298",0,0,0,0
"299",0,0,0,0
"300",0,0,0,0
"301",0,0,0,0
"302",0,0,0,0
"303",0,0,0,0
"304",0,0,0,0
"305",0,0,0,0
"306",0,0,0,0
"307",0,0,0,0
"308",0,0,0,0
"309",0,0,0,0
"310",0,0,0,0
"311",0,0,0,0
"312",0,0,0,0
"316",0,0,0,0
"317",0,0,0,0
"318",0,0,0,0
"319",0,0,0,0
"323",0,0,0,0
"324",0,0,0,0
"325",0,0,0,0
"326",0,0,0,0
"327",0,0,0,0
"328",0,0,0,0
"329",0,0,0,0
"330",0,0,0,0
"331",0,0,0,0
"332",0,0,0,0
"333",0,0,0,0
"334",0,0,0,0
"335",0,0,0,0
"336",0,0,0,0
"337",0,0,0,0
"338",0,0,0,0
"339",0,0,0,0
"340",0,0,0,0
"341",0,0,0,0
"342",0,0,0,0
"344",0,0,0,0
"345",0,0,0,0
"346",0,0,0,0
"347",0,0,0,0
"349",0,0,0,0
"350",0,0,0,0
"352",0,0,0,0
"353",0,0,0,0
"355",0,0,0,0
"356",0,0,0,0
"357",0,0,0,0
"358",0,0,0,0
"361",0,0,0,0
"362",0,0,0,0
"363",0,0,0,0
"364",0,0,0,0
"365",0,0,0,0
"366",0,0,0,0
"367",0,0,0,0
"368",0,0,0,0
"369",0,0,0,0
"370",0,0,0,0
"371",0,0,0,0
"372",0,0,0,0
"374",0,0,0,0
"376",0,0,0,0
"377",0,0,0,0
"379",0,0,0,0
"381",0,0,0,0
"382",0,0,0,0
"383",0,0,0,0
"384",0,0,0,0
"386",0,0,0,0
"387",0,0,0,0
"388",0,0,0,0
"389",0,0,0,0
"390",0,0,0,0
"391",0,0,0,0
"392",0,0,0,0
"393",0,0,0,0
"394",0,0,0,0
"396",0,0,0,0
"400",0,0,0,0
"401",0,0,0,0
"402",0,0,0,0
"404",0,0,0,0
"405",0,0,0,0
"406",0,0,0,0
"407",0,0,0,0
"408",0,0,0,0
"409",0,0,0,0
"410",0,0,0,0
"411",0,0,0,0
"412",0,0,0,0
"413",0,0,0,0
"414",0,0,0,0
"416",0,0,0,0
"417",0,0,0,0
"419",0,0,0,0
"420",0,0,0,0
"422",0,0,0,0
"424",0,0,0,0
"426",0,0,0,0
"427",0,0,0,0
"429",0,0,0,0
"430",0,0,0,0
"431",0,0,0,0
"432",0,0,0,0
"433",0,0,0,0
"434",0,0,0,0
"435",0,0,0,0
"436",0,0,0,0
"437",0,0,0,0
"439",0,0,0,0
"440",0,0,0,0
"441",0,0,0,0
"442",0,0,0,0
"443",0,0,0,0
"444",0,0,0,0
"445",0,0,0,0
"446",0,0,0,0
"447",0,0,0,0
"448",0,0,0,0
"449",0,0,0,0
"450",0,0,0,0
"451",0,0,0,0
"452",0,0,0,0
"453",0,0,0,0
"454",0,0,0,0
"455",0,0,0,0
"456",0,0,0,0
"457",0,0,0,0
"458",0,0,0,0
"459",0,0,0,0
"460",0,0,0,0
"463",0,0,0,0
"464",0,0,0,0
"466",0,0,0,0
"467",0,0,0,0
"468",0,0,0,0
"471",0,0,0,0
"472",0,0,0,0
"473",0,0,0,0
"474",0,0,0,0
"475",0,0,0,0
"476",0,0,0,0
"477",0,0,0,0
"478",0,0,0,0
"480",0,0,0,0
"481",0,0,0,0
"482",0,0,0,0
"483",0,0,0,0
"484",0,0,0,0
"485",0,0,0,0
"486",0,0,0,0
"491",0,0,0,0
"492",0,0,0,0
"493",0,0,0,0
"494",0,0,0,0
"495",0,0,0,0
"496",0,0,0,0
"497",0,0,0,0
"498",0,0,0,0
"499",0,0,0,0
"500",0,0,0,0
"501",0,0,0,0
"502",0,0,0,0
"503",0,0,0,0
"506",0,0,0,0
"507",0,0,0,0
"508",0,0,0,0
"509",0,0,0,0
"510",0,0,0,0
"511",0,0,0,0
"514",0,0,0,0
"515",0,0,0,0
"517",0,0,0,0
"519",0,0,0,0
"520",0,0,0,0
"521",0,0,0,0
"522",0,0,0,0
"523",0,0,0,0
"524",0,0,0,0
"525",0,0,0,0
"526",0,0,0,0
"529",0,0,0,0
"530",0,0,0,0
"531",0,0,0,0
"532",0,0,0,0
"533",0,0,0,0
"537",0,0,0,0
"538",0,0,0,0
"539",0,0,0,0
"540",0,0,0,0
"541",0,0,0,0
"542",0,0,0,0
"544",0,0,0,0
"545",0,0,0,0
"547",0,0,0,0
"548",0,0,0,0
"549",0,0,0,0
"550",0,0,0,0
"552",0,0,0,0
"553",0,0,0,0
"554",0,0,0,0
"555",0,0,0,0
"556",0,0,0,0
"557",0,0,0,0
"558",0,0,0,0
"559",0,0,0,0
"560",0,0,0,0
"561",0,0,0,0
"562",0,0,0,0
"564",0,0,0,0
"565",0,0,0,0
"566",0,0,0,0
"567",0,0,0,0
"568",0,0,0,0
"569",0,0,0,0
"570",0,0,0,0
"571",0,0,0,0
"572",0,0,0,0
"573",0,0,0,0
"574",0,0,0,0
"575",0,0,0,0
"576",0,0,0,0
"579",0,0,0,0
"580",0,0,0,0
"584",0,0,0,0
"585",0,0,0,0
"586",0,0,0,0
"587",0,0,0,0
"588",0,0,0,0
"589",0,0,0,0
"590",0,0,0,0
"591",0,0,0,0
"592",0,0,0,0
"593",0,0,0,0
"594",0,0,0,0
"595",0,0,0,0
"596",0,0,0,0
"600",0,0,0,0
"601",0,0,0,0
"603",0,0,0,0
"604",0,0,0,0
"605",0,0,0,0
"607",0,0,0,0
"609",0,0,0,0
"610",0,0,0,0
"611",0,0,0,0
"613",0,0,0,0
"614",0,0,0,0
"615",0,0,0,0
"616",0,0,0,0
"617",0,0,0,0
"620",0,0,0,0
"621",0,0,0,0
"622",0,0,0,0
"623",0,0,0,0
"624",0,0,0,0
"625",0,0,0,0
"626",0,0,0,0
"627",0,0,0,0
"628",0,0,0,0
"629",0,0,0,0
"630",0,0,0,0
"631",0,0,0,0
"632",0,0,0,0
"638",0,0,0,0
"639",0,0,0,0
"640",0,0,0,0
"641",0,0,0,0
"642",0,0,0,0
"643",0,0,0,0
"644",0,0,0,0
"645",0,0,0,0
"646",0,0,0,0
"647",0,0,0,0
"648",0,0,0,0
"649",0,0,0,0
"651",0,0,0,0
"653",0,0,0,0
"655",0,0,0,0
"657",0,0,0,0
"658",0,0,0,0
"659",0,0,0,0
"660",0,0,0,0
"661",0,0,0,0
"662",0,0,0,0
"663",0,0,0,0
"664",0,0,0,0
"665",0,0,0,0
"666",0,0,0,0
"667",0,0,0,0
"668",0,0,0,0
"670",0,0,0,0
"672",0,0,0,0
"673",0,0,0,0
"674",0,0,0,0
"679",0,0,0,0
"680",0,0,0,0
"681",0,0,0,0
"682",0,0,0,0
"686",0,0,0,0
"687",0,0,0,0
"688",0,0,0,0
"689",0,0,0,0
"690",0,0,0,0
"694",0,0,0,0
"695",0,0,0,0
"696",0,0,0,0
"697",0,0,0,0
"699",0,0,0,0
"700",0,0,0,0
"701",0,0,0,0
"702",0,0,0,0
"704",0,0,0,0
"705",0,0,0,0
"706",0,0,0,0
"707",0,0,0,0
"710",0,0,0,0
"711",0,0,0,0
"712",0,0,0,0
"713",0,0,0,0
"714",0,0,0,0
"716",0,0,0,0
"717",0,0,0,0
"718",0,0,0,0
"719",0,0,0,0
"720",0,0,0,0
"721",0,0,0,0
"722",0,0,0,0
"723",0,0,0,0
"724",0,0,0,0
"725",0,0,0,0
"726",0,0,0,0
"727",0,0,0,0
"728",0,0,0,0
"729",0,0,0,0
"730",0,0,0,0
"734",0,0,0,0
"736",0,0,0,0
"737",0,0,0,0
"738",0,0,0,0
"740",0,0,0,0
"742",0,0,0,0
"743",0,0,0,0
"744",0,0,0,0
"745",0,0,0,0
"746",0,0,0,0
"747",0,0,0,0
"748",0,0,0,0
"751",0,0,0,0
"754",0,0,0,0
"755",0,0,0,0
"756",0,0,0,0
"758",0,0,0,0
"759",0,0,0,0
"760",0,0,0,0
"761",0,0,0,0
"762",0,0,0,0
"764",0,0,0,0
"765",0,0,0,0
"766",0,0,0,0
"768",0,0,0,0
"770",0,0,0,0
"771",0,0,0,0
"773",0,0,0,0
"774",0,0,0,0
"776",0,0,0,0
"777",0,0,0,0
"778",0,0,0,0
"779",0,0,0,0
"780",0,0,0,0
"781",0,0,0,0
"782",0,0,0,0
"783",0,0,0,0
"784",0,0,0,0
"785",0,0,0,0
"786",0,0,0,0
"788",0,0,0,0
"789",0,0,0,0
"790",0,0,0,0
"791",0,0,0,0
"792",0,0,0,0
"794",0,0,0,0
"795",0,0,0,0
"796",0,0,0,0
"801",0,0,0,0
"802",0,0,0,0
"804",0,0,0,0
"806",0,0,0,0
"807",0,0,0,0
"808",0,0,0,0
"810",0,0,0,0
"811",0,0,0,0
"812",0,0,0,0
"814",0,0,0,0
"815",0,0,0,0
"816",0,0,0,0
"818",0,0,0,0
"819",0,0,0,0
"821",0,0,0,0
"822",0,0,0,0
"823",0,0,0,0
"824",0,0,0,0
"826",0,0,0,0
"827",0,0,0,0
"828",0,0,0,0
"829",0,0,0,0
"830",0,0,0,0
"831",0,0,0,0
"832",0,0,0,0
"834",0,0,0,0
"835",0,0,0,0
"837",0,0,0,0
"838",0,0,0,0
"839",0,0,0,0
"840",0,0,0,0
"841",0,0,0,0
"842",0,0,0,0
"843",0,0,0,0
"844",0,0,0,0
"845",0,0,0,0
"846",0,0,0,0
"847",0,0,0,0
"848",0,0,0,0
"849",0,0,0,0
"850",0,0,0,0
"851",0,0,0,0
"852",0,0,0,0
"853",0,0,0,0
"854",0,0,0,0
"855",0,0,0,0
"856",0,0,0,0
"857",0,0,0,0
"859",0,0,0,0
"860",0,0,0,0
"861",0,0,0,0
"864",0,0,0,0
"865",0,0,0,0
"866",0,0,0,0
"867",0,0,0,0
"868",0,0,0,0
"869",0,0,0,0
"870",0,0,0,0
"871",0,0,0,0
"872",0,0,0,0
"873",0,0,0,0
"875",0,0,0,0
"876",0,0,0,0
"877",0,0,0,0
"878",0,0,0,0
"879",0,0,0,0
"881",0,0,0,0
"882",0,0,0,0
"883",0,0,0,0
"884",0,0,0,0
"885",0,0,0,0
"886",0,0,0,0
"887",0,0,0,0
"888",0,0,0,0
"889",0,0,0,0
"890",0,0,0,0
"891",0,0,0,0
"892",0,0,0,0
"893",0,0,0,0
"894",0,0,0,0
"895",0,0,0,0
"896",0,0,0,0
"897",0,0,0,0
"898",0,0,0,0
"900",0,0,0,0
"901",0,0,0,0
"902",0,0,0,0
"903",0,0,0,0
"905",0,0,0,0
"906",0,0,0,0
"907",0,0,0,0
"909",0,0,0,0
"910",0,0,0,0
"911",0,0,0,0
"913",0,0,0,0
"915",0,0,0,0
"916",0,0,0,0
"917",0,0,0,0
"918",0,0,0,0
"919",0,0,0,0
"920",0,0,0,0
"921",0,0,0,0
"922",0,0,0,0
"925",0,0,0,0
"926",0,0,0,0
"927",0,0,0,0
"928",0,0,0,0
"929",0,0,0,0
"930",0,0,0,0
"938",0,0,0,0
"939",0,0,0,0
"940",0,0,0,0
"941",0,0,0,0
"942",0,0,0,0
"943",0,0,0,0
"944",0,0,0,0
"945",0,0,0,0
"946",0,0,0,0
"947",0,0,0,0
"948",0,0,0,0
"949",0,0,0,0
"951",0,0,0,0
"952",0,0,0,0
"953",0,0,0,0
"954",0,0,0,0
"957",0,0,0,0
"958",0,0,0,0
"959",0,0,0,0
"960",0,0,0,0
"961",0,0,0,0
"962",0,0,0,0
"964",0,0,0,0
"965",0,0,0,0
"966",0,0,0,0
"967",0,0,0,0
"968",0,0,0,0
"969",0,0,0,0
"970",0,0,0,0
"971",0,0,0,0
"972",0,0,0,0
"973",0,0,0,0
"974",0,0,0,0
"975",0,0,0,0
"976",0,0,0,0
"977",0,0,0,0
"978",0,0,0,0
"979",0,0,0,0
"985",0,0,0,0
"986",0,0,0,0
"987",0,0,0,0
"988",0,0,0,0
"989",0,0,0,0
"990",0,0,0,0
"991",0,0,0,0
"992",0,0,0,0
"993",0,0,0,0
"994",0,0,0,0
"995",0,0,0,0
"996",0,0,0,0
"997",0,0,0,0
"998",0,0,0,0
"999",0,0,0,0
"1000",0,0,0,0
"1001",0,0,0,0
"1002",0,0,0,0
"1006",0,0,0,0
"1007",0,0,0,0
"1009",0,0,0,0
"1010",0,0,0,0
"1011",0,0,0,0
"1012",0,0,0,0
"1013",0,0,0,0
"1014",0,0,0,0
"1015",0,0,0,0
"1016",0,0,0,0
"1017",0,0,0,0
"1018",0,0,0,0
"1019",0,0,0,0
"1020",0,0,0,0
"1021",0,0,0,0
"1022",0,0,0,0
"1023",0,0,0,0
"1024",0,0,0,0
"1032",0,0,0,0
"1033",0,0,0,0
"1034",0,0,0,0
"1035",0,0,0,0
"1038",0,0,0,0
"1039",0,0,0,0
"1040",0,0,0,0
"1041",0,0,0,0
"1042",0,0,0,0
"1044",0,0,0,0
"1045",0,0,0,0
"1046",0,0,0,0
"1047",0,0,0,0
"1048",0,0,0,0
"1049",0,0,0,0
"1050",0,0,0,0
"1053",0,0,0,0
"1054",0,0,0,0
"1055",0,0,0,0
"1058",0,0,0,0
"1059",0,0,0,0
"1060",0,0,0,0
"1061",0,0,0,0
"1062",0,0,0,0
"1063",0,0,0,0
"1064",0,0,0,0
"1065",0,0,0,0
"1066",0,0,0,0
"1067",0,0,0,0
"1068",0,0,0,0
"1069",0,0,0,0
"1070",0,0,0,0
"1071",0,0,0,0
"1072",0,0,0,0
"1073",0,0,0,0
"1074",0,0,0,0
"1075",0,0,0,0
"1076",0,0,0,0
"1077",0,0,0,0
"1078",0,0,0,0
"1080",0,0,0,0
"1081",0,0,0,0
"1082",0,0,0,0
"1091",0,0,0,0
"1092",0,0,0,0
"1096",0,0,0,0
"1097",0,0,0,0
"1098",0,0,0,0
"1099",0,0,0,0
"1100",0,0,0,0
"1101",0,0,0,0
"1102",0,0,0,0
"1103",0,0,0,0
"1104",0,0,0,0
"1105",0,0,0,0
"1106",0,0,0,0
"1107",0,0,0,0
"1108",0,0,0,0
"1109",0,0,0,0
"1110",0,0,0,0
"1111",0,0,0,0
"1112",0,0,0,0
"1113",0,0,0,0
"1114",0,0,0,0
"1115",0,0,0,0
"1116",0,0,0,0
"1117",0,0,0,0
"1118",0,0,0,0
"1119",0,0,0,0
"1120",0,0,0,0
"1121",0,0,0,0
"1122",0,0,0,0
"1123",0,0,0,0
"1124",0,0,0,0
"1125",0,0,0,0
"1126",0,0,0,0
"1127",0,0,0,0
"1128",0,0,0,0
"1129",0,0,0,0
"1130",0,0,0,0
"1132",0,0,0,0
"1133",0,0,0,0
"1136",0,0,0,0
"1138",0,0,0,0
"1140",0,0,0,0
"1141",0,0,0,0
"1143",0,0,0,0
"1144",0,0,0,0
"1145",0,0,0,0
"1146",0,0,0,0
"1153",0,0,0,0
"1154",0,0,0,0
"1155",0,0,0,0
"1156",0,0,0,0
"1157",0,0,0,0
"1158",0,0,0,0
"1159",0,0,0,0
"1160",0,0,0,0
"1161",0,0,0,0
"1162",0,0,0,0
"1164",0,0,0,0
"1165",0,0,0,0
"1166",0,0,0,0
"1168",0,0,0,0
"1169",0,0,0,0
"1170",0,0,0,0
"1171",0,0,0,0
"1172",0,0,0,0
"1173",0,0,0,0
"1175",0,0,0,0
"1176",0,0,0,0
"1177",0,0,0,0
"1179",0,0,0,0
"1180",0,0,0,0
"1181",0,0,0,0
"1182",0,0,0,0
"1183",0,0,0,0
"1184",0,0,0,0
"1187",0,0,0,0
"1188",0,0,0,0
"1189",0,0,0,0
"1190",0,0,0,0
"1191",0,0,0,0
"1192",0,0,0,0
"1193",0,0,0,0
"1194",0,0,0,0
"1195",0,0,0,0
"1196",0,0,0,0
"1197",0,0,0,0
"1198",0,0,0,0
"1199",0,0,0,0
"1200",0,0,0,0
"1201",0,0,0,0
"1202",0,0,0,0
"1203",0,0,0,0
"1204",0,0,0,0
"1205",0,0,0,0
"1206",0,0,0,0
"1207",0,0,0,0
"1210",0,0,0,0
"1216",0,0,0,0
"1217",0,0,0,0
"1218",0,0,0,0
"1219",0,0,0,0
"1222",0,0,0,0
"1223",0,0,0,0
"1224",0,0,0,0
"1228",0,0,0,0
"1229",0,0,0,0
"1230",0,0,0,0
"1231",0,0,0,0
"1232",0,0,0,0
"1233",0,0,0,0
"1234",0,0,0,0
"1235",0,0,0,0
"1236",0,0,0,0
"1237",0,0,0,0
"1242",0,0,0,0
"1243",0,0,0,0
"1244",0,0,0,0
"1245",0,0,0,0
"1246",0,0,0,0
"1247",0,0,0,0
"1248",0,0,0,0
"1249",0,0,0,0
"1250",0,0,0,0
"1251",0,0,0,0
"1252",0,0,0,0
"1253",0,0,0,0
"1254",0,0,0,0
"1255",0,0,0,0
"1258",0,0,0,0
"1259",0,0,0,0
"1260",0,0,0,0
"1261",0,0,0,0
"1262",0,0,0,0
"1263",0,0,0,0
"1264",0,0,0,0
"1265",0,0,0,0
"1266",0,0,0,0
"1267",0,0,0,0
"1268",0,0,0,0
"1269",0,0,0,0
"1270",0,0,0,0
"1271",0,0,0,0
"1272",0,0,0,0
"1274",0,0,0,0
"1279",0,0,0,0
"1287",0,0,0,0
"1288",0,0,0,0
"1289",0,0,0,0
"1290",0,0,0,0
"1291",0,0,0,0
"1292",0,0,0,0
"1293",0,0,0,0
"1294",0,0,0,0
"1295",0,0,0,0
"1296",0,0,0,0
"1297",0,0,0,0
"1298",0,0,0,0
"1299",0,0,0,0
"1300",0,0,0,0
"1301",0,0,0,0
"1302",0,0,0,0
"1304",0,0,0,0
"1305",0,0,0,0
"1306",0,0,0,0
"1307",0,0,0,0
"1308",0,0,0,0
"1309",0,0,0,0
"1310",0,0,0,0
"1311",0,0,0,0
"1312",0,0,0,0
"1313",0,0,0,0
"1314",0,0,0,0
"1315",0,0,0,0
"1316",0,0,0,0
"1317",0,0,0,0
"1318",0,0,0,0
"1319",0,0,0,0
"1320",0,0,0,0
"1321",0,0,0,0
"1322",0,0,0,0
"1323",0,0,0,0
"1325",0,0,0,0
"1326",0,0,0,0
"1327",0,0,0,0
"1328",0,0,0,0
"1329",0,0,0,0
"1330",0,0,0,0
"1331",0,0,0,0
"1332",0,0,0,0
"1333",0,0,0,0
"1334",0,0,0,0
"1335",0,0,0,0
"1336",0,0,0,0
"1337",0,0,0,0
"1338",0,0,0,0
"1339",0,0,0,0
"1342",0,0,0,0
"1343",0,0,0,0
"1344",0,0,0,0
"1345",0,0,0,0
"1346",0,0,0,0
"1347",0,0,0,0
"1348",0,0,0,0
"1349",0,0,0,0
"1350",0,0,0,0
"1351",0,0,0,0
"1352",0,0,0,0
"1353",0,0,0,0
"1354",0,0,0,0
"1355",0,0,0,0
"1356",0,0,0,0
"1357",0,0,0,0
"1358",0,0,0,0
"1359",0,0,0,0
"1360",0,0,0,0
"1361",0,0,0,0
"1362",0,0,0,0
"1363",0,0,0,0
"1364",0,0,0,0
"1365",0,0,0,0
"1366",0,0,0,0
"1367",0,0,0,0
"1368",0,0,0,0
"1369",0,0,0,0
"1370",0,0,0,0
"1371",0,0,0,0
"1372",0,0,0,0
"1373",0,0,0,0
"1374",0,0,0,0
"1375",0,0,0,0
"1376",0,0,0,0
"1377",0,0,0,0
"1381",0,0,0,0
"1382",0,0,0,0
"1383",0,0,0,0
"1384",0,0,0,0
"1385",0,0,0,0
"1386",0,0,0,0
"1387",0,0,0,0
"1388",0,0,0,0
"1389",0,0,0,0
"1390",0,0,0,0
"1391",0,0,0,0
"1392",0,0,0,0
"1393",0,0,0,0
"1394",0,0,0,0
"1395",0,0,0,0
"1396",0,0,0,0
"1397",0,0,0,0
"1398",0,0,0,0
"1399",0,0,0,0
"1400",0,0,0,0
"1401",0,0,0,0
"1402",0,0,0,0
"1403",0,0,0,0
"1404",0,0,0,0
"1405",0,0,0,0
"1406",0,0,0,0
"1407",0,0,0,0
"1408",0,0,0,0
"1409",0,0,0,0
"1410",0,0,0,0
"1411",0,0,0,0
"1412",0,0,0,0
"1413",0,0,0,0
"1414",0,0,0,0
"1418",0,0,0,0
"1419",0,0,0,0
"1420",0,0,0,0
"1421",0,0,0,0
"1423",0,0,0,0
"1424",0,0,0,0
"1425",0,0,0,0
"1426",0,0,0,0
"1427",0,0,0,0
"1428",0,0,0,0
"1430",0,0,0,0
"1431",0,0,0,0
"1432",0,0,0,0
"1436",0,0,0,0
"1437",0,0,0,0
"1438",0,0,0,0
"1439",0,0,0,0
"1440",0,0,0,0
"1441",0,0,0,0
"1442",0,0,0,0
"1443",0,0,0,0
"1444",0,0,0,0
"1451",0,0,0,0
"1452",0,0,0,0
"1453",0,0,0,0
"1455",0,0,0,0
"1456",0,0,0,0
"1457",0,0,0,0
"1458",0,0,0,0
"1459",0,0,0,0
"1460",0,0,0,0
"1462",0,0,0,0
"1464",0,0,0,0
"1465",0,0,0,0
"1466",0,0,0,0
"1467",0,0,0,0
"1468",0,0,0,0
"1469",0,0,0,0
"1470",0,0,0,0
"1471",0,0,0,0
"1472",0,0,0,0
"1473",0,0,0,0
"1474",0,0,0,0
"1481",0,0,0,0
"1482",0,0,0,0
"1483",0,0,0,0
"1484",0,0,0,0
"1485",0,0,0,0
"1486",0,0,0,0
"1487",0,0,0,0
"1488",0,0,0,0
"1489",0,0,0,0
"1490",0,0,0,0
"1491",0,0,0,0
"1492",0,0,0,0
"1498",0,0,0,0
"1502",0,0,0,0
"1505",0,0,0,0
"1506",0,0,0,0
"1507",0,0,0,0
"1508",0,0,0,0
"1509",0,0,0,0
"1510",0,0,0,0
"1511",0,0,0,0
"1512",0,0,0,0
"1513",0,0,0,0
"1514",0,0,0,0
"1515",0,0,0,0
"1516",0,0,0,0
"1517",0,0,0,0
"1518",0,0,0,0
"1519",0,0,0,0
"1520",0,0,0,0
"1521",0,0,0,0
"1522",0,0,0,0
"1523",0,0,0,0
"1525",0,0,0,0
"1526",0,0,0,0
"1527",0,0,0,0
"1528",0,0,0,0
"1529",0,0,0,0
"1530",0,0,0,0
"1532",0,0,0,0
"1534",0,0,0,0
"1535",0,0,0,0
"1538",0,0,0,0
"1539",0,0,0,0
"1540",0,0,0,0
"1541",0,0,0,0
"1542",0,0,0,0
"1543",0,0,0,0
"1544",0,0,0,0
"1545",0,0,0,0
"1546",0,0,0,0
"1547",0,0,0,0
"1548",0,0,0,0
"1551",0,0,0,0
"1552",0,0,0,0
"1553",0,0,0,0
"1554",0,0,0,0
"1555",0,0,0,0
"1556",0,0,0,0
"1558",0,0,0,0
"1559",0,0,0,0
"1561",0,0,0,0
"1562",0,0,0,0
"1563",0,0,0,0
"1564",0,0,0,0
"1568",0,0,0,0
"1569",0,0,0,0
"1570",0,0,0,0
"1571",0,0,0,0
"1572",0,0,0,0
"1573",0,0,0,0
"1574",0,0,0,0
"1575",0,0,0,0
"1578",0,0,0,0
"1580",0,0,0,0
"1581",0,0,0,0
"1582",0,0,0,0
"1583",0,0,0,0
"1584",0,0,0,0
"1585",0,0,0,0
"1586",0,0,0,0
"1587",0,0,0,0
"1588",0,0,0,0
"1589",0,0,0,0
"1590",0,0,0,0
"1593",0,0,0,0
"1594",0,0,0,0
"1595",0,0,0,0
"1596",0,0,0,0
"1597",0,0,0,0
"1598",0,0,0,0
"1600",0,0,0,0
"1601",0,0,0,0
"1602",0,0,0,0
"1603",0,0,0,0
"1604",0,0,0,0
"1605",0,0,0,0
"1606",0,0,0,0
"1607",0,0,0,0
"1608",0,0,0,0
"1611",0,0,0,0
"1612",0,0,0,0
"1613",0,0,0,0
"1614",0,0,0,0
"1615",0,0,0,0
"1617",0,0,0,0
"1618",0,0,0,0
"1620",0,0,0,0
"1621",0,0,0,0
"1624",0,0,0,0
"1625",0,0,0,0
"1626",0,0,0,0
"1627",0,0,0,0
"1628",0,0,0,0
"1629",0,0,0,0
"1630",0,0,0,0
"1631",0,0,0,0
"1632",0,0,0,0
"1633",0,0,0,0
"1634",0,0,0,0
"1635",0,0,0,0
"1636",0,0,0,0
"1637",0,0,0,0
"1638",0,0,0,0
"1639",0,0,0,0
"1640",0,0,0,0
"1641",0,0,0,0
"1642",0,0,0,0
"1644",0,0,0,0
"1646",0,0,0,0
"1648",0,0,0,0
"1650",0,0,0,0
"1653",0,0,0,0
"1654",0,0,0,0
"1655",0,0,0,0
"1656",0,0,0,0
"1657",0,0,0,0
"1658",0,0,0,0
"1659",0,0,0,0
"1660",0,0,0,0
"1661",0,0,0,0
"1662",0,0,0,0
"1663",0,0,0,0
"1664",0,0,0,0
"1665",0,0,0,0
"1666",0,0,0,0
"1667",0,0,0,0
"1668",0,0,0,0
"1669",0,0,0,0
"1670",0,0,0,0
"1671",0,0,0,0
"1672",0,0,0,0
"1673",0,0,0,0
"1674",0,0,0,0
"1675",0,0,0,0
"1676",0,0,0,0
"1677",0,0,0,0
"1678",0,0,0,0
"1679",0,0,0,0
"1680",0,0,0,0
"1682",0,0,0,0
"1683",0,0,0,0
"1684",0,0,0,0
"1685",0,0,0,0
"1686",0,0,0,0
"1687",0,0,0,0
"1688",0,0,0,0
"1689",0,0,0,0
"1690",0,0,0,0
"1691",0,0,0,0
"1692",0,0,0,0
"1693",0,0,0,0
"1694",0,0,0,0
"1695",0,0,0,0
"1696",0,0,0,0
"1697",0,0,0,0
"1698",0,0,0,0
"1703",0,0,0,0
"1704",0,0,0,0
"1706",0,0,0,0
"1708",0,0,0,0
"1710",0,0,0,0
"1711",0,0,0,0
"1712",0,0,0,0
"1713",0,0,0,0
"1714",0,0,0,0
"1715",0,0,0,0
"1716",0,0,0,0
"1717",0,0,0,0
"1718",0,0,0,0
"1719",0,0,0,0
"1720",0,0,0,0
"1721",0,0,0,0
"1722",0,0,0,0
"1723",0,0,0,0
"1724",0,0,0,0
"1725",0,0,0,0
"1726",0,0,0,0
"1727",0,0,0,0
"1728",0,0,0,0
"1729",0,0,0,0
"1730",0,0,0,0
"1731",0,0,0,0
"1732",0,0,0,0
"1733",0,0,0,0
"1734",0,0,0,0
"1738",0,0,0,0
"1739",0,0,0,0
"1740",0,0,0,0
"1741",0,0,0,0
"1742",0,0,0,0
"1743",0,0,0,0
"1744",0,0,0,0
"1745",0,0,0,0
"1746",0,0,0,0
"1747",0,0,0,0
"1748",0,0,0,0
"1749",0,0,0,0
"1751",0,0,0,0
"1752",0,0,0,0
"1753",0,0,0,0
"1754",0,0,0,0
"1755",0,0,0,0
"1756",0,0,0,0
"1757",0,0,0,0
"1759",0,0,0,0
"1760",0,0,0,0
"1761",0,0,0,0
"1762",0,0,0,0
"1763",0,0,0,0
"1764",0,0,0,0
"1765",0,0,0,0
"1768",0,0,0,0
"1769",0,0,0,0
"1770",0,0,0,0
"1771",0,0,0,0
"1773",0,0,0,0
"1774",0,0,0,0
"1776",0,0,0,0
"1777",0,0,0,0
"1785",0,0,0,0
"1788",0,0,0,0
"1789",0,0,0,0
"1790",0,0,0,0
"1792",0,0,0,0
"1793",0,0,0,0
"1796",0,0,0,0
"1797",0,0,0,0
"1798",0,0,0,0
"1800",0,0,0,0
"1801",0,0,0,0
"1802",0,0,0,0
"1803",0,0,0,0
"1804",0,0,0,0
"1805",0,0,0,0
"1806",0,0,0,0
"1807",0,0,0,0
"1808",0,0,0,0
"1809",0,0,0,0
"1810",0,0,0,0
"1811",0,0,0,0
"1812",0,0,0,0
"1813",0,0,0,0
"1815",0,0,0,0
"1816",0,0,0,0
"1817",0,0,0,0
"1818",0,0,0,0
"1820",0,0,0,0
"1821",0,0,0,0
"1822",0,0,0,0
"1823",0,0,0,0
"1824",0,0,0,0
"1825",0,0,0,0
"1827",0,0,0,0
"1828",0,0,0,0
"1829",0,0,0,0
"1831",0,0,0,0
"1835",0,0,0,0
"1837",0,0,0,0
"1838",0,0,0,0
"1839",0,0,0,0
"1840",0,0,0,0
"1841",0,0,0,0
"1842",0,0,0,0
"1843",0,0,0,0
"1844",0,0,0,0
"1845",0,0,0,0
"1846",0,0,0,0
"1847",0,0,0,0
"1848",0,0,0,0
"1849",0,0,0,0
"1850",0,0,0,0
"1851",0,0,0,0
"1852",0,0,0,0
"1857",0,0,0,0
"1858",0,0,0,0
"1859",0,0,0,0
"1860",0,0,0,0
"1861",0,0,0,0
"1864",0,0,0,0
"1865",0,0,0,0
"1866",0,0,0,0
"1867",0,0,0,0
"1868",0,0,0,0
"1869",0,0,0,0
"1870",0,0,0,0
"1871",0,0,0,0
"1872",0,0,0,0
"1873",0,0,0,0
"1877",0,0,0,0
"1878",0,0,0,0
"1879",0,0,0,0
"1880",0,0,0,0
"1881",0,0,0,0
"1882",0,0,0,0
"1883",0,0,0,0
"1884",0,0,0,0
"1885",0,0,0,0
"1886",0,0,0,0
"1887",0,0,0,0
"1888",0,0,0,0
"1889",0,0,0,0
"1890",0,0,0,0
"1891",0,0,0,0
"1892",0,0,0,0
"1893",0,0,0,0
"1894",0,0,0,0
"1895",0,0,0,0
"1896",0,0,0,0
"1897",0,0,0,0
"1898",0,0,0,0
"1899",0,0,0,0
"1900",0,0,0,0
"1901",0,0,0,0
"1902",0,0,0,0
"1903",0,0,0,0
"1904",0,0,0,0
"1905",0,0,0,0
"1906",0,0,0,0
"1907",0,0,0,0
"1908",0,0,0,0
"1909",0,0,0,0
"1910",0,0,0,0
"1911",0,0,0,0
"1913",0,0,0,0
"1914",0,0,0,0
"1916",0,0,0,0
"1917",0,0,0,0
"1918",0,0,0,0
"1919",0,0,0,0
"1920",0,0,0,0
"1921",0,0,0,0
"1922",0,0,0,0
"1923",0,0,0,0
"1924",0,0,0,0
"1925",0,0,0,0
"1926",0,0,0,0
"1927",0,0,0,0
"1928",0,0,0,0
"1929",0,0,0,0
"1930",0,0,0,0
"1931",0,0,0,0
"1936",0,0,0,0
"1941",0,0,0,0
"1943",0,0,0,0
"1947",0,0,0,0
"1949",0,0,0,0
"1951",0,0,0,0
"1957",0,0,0,0
"1958",0,0,0,0
"1959",0,0,0,0
"1960",0,0,0,0
"1961",0,0,0,0
"1962",0,0,0,0
"1963",0,0,0,0
"1964",0,0,0,0
"1965",0,0,0,0
"1966",0,0,0,0
"1967",0,0,0,0
"1968",0,0,0,0
"1969",0,0,0,0
"1970",0,0,0,0
"1971",0,0,0,0
"1972",0,0,0,0
"1973",0,0,0,0
"1974",0,0,0,0
"1975",0,0,0,0
"1976",0,0,0,0
"1977",0,0,0,0
"1978",0,0,0,0
"1979",0,0,0,0
"1980",0,0,0,0
"1981",0,0,0,0
"1982",0,0,0,0
"1983",0,0,0,0
"1984",0,0,0,0
"1985",0,0,0,0
"1986",0,0,0,0
"1987",0,0,0,0
"1989",0,0,0,0
"1990",0,0,0,0
"1991",0,0,0,0
"1992",0,0,0,0
"1993",0,0,0,0
"1994",0,0,0,0
"1995",0,0,0,0
"1996",0,0,0,0
"1997",0,0,0,0
"1998",0,0,0,0
"1999",0,0,0,0
"2000",0,0,0,0
"2001",0,0,0,0
"2002",0,0,0,0
"2003",0,0,0,0
"2004",0,0,0,0
"2005",0,0,0,0
"2007",0,0,0,0
"2012",0,0,0,0
"2013",0,0,0,0
"2014",0,0,0,0
"2015",0,0,0,0
"2016",0,0,0,0
"2018",0,0,0,0
"2019",0,0,0,0
"2020",0,0,0,0
"2021",0,0,0,0
"2023",0,0,0,0
"2024",0,0,0,0
"2025",0,0,0,0
"2026",0,0,0,0
"2027",0,0,0,0
"2028",0,0,0,0
"2029",0,0,0,0
"2030",0,0,0,0
"2031",0,0,0,0
"2032",0,0,0,0
"2033",0,0,0,0
"2034",0,0,0,0
"2035",0,0,0,0
"2036",0,0,0,0
"2037",0,0,0,0
"2038",0,0,0,0
"2039",0,0,0,0
"2040",0,0,0,0
"2045",0,0,0,0
"2048",0,0,0,0
"2049",0,0,0,0
"2051",0,0,0,0
"2052",0,0,0,0
"2053",0,0,0,0
"2054",0,0,0,0
"2055",0,0,0,0
"2056",0,0,0,0
"2057",0,0,0,0
"2058",0,0,0,0
"2059",0,0,0,0
"2060",0,0,0,0
"2061",0,0,0,0
"2067",0,0,0,0
"2068",0,0,0,0
"2071",0,0,0,0
"2073",0,0,0,0
"2077",0,0,0,0
"2079",0,0,0,0
"2081",0,0,0,0
"2083",0,0,0,0
"2085",0,0,0,0
"2086",0,0,0,0
"2087",0,0,0,0
"2088",0,0,0,0
"2089",0,0,0,0
"2090",0,0,0,0
"2091",0,0,0,0
"2092",0,0,0,0
"2093",0,0,0,0
"2094",0,0,0,0
"2095",0,0,0,0
"2096",0,0,0,0
"2097",0,0,0,0
"2098",0,0,0,0
"2099",0,0,0,0
"2101",0,0,0,0
"2102",0,0,0,0
"2103",0,0,0,0
"2104",0,0,0,0
"2105",0,0,0,0
"2106",0,0,0,0
"2107",0,0,0,0
"2109",0,0,0,0
"2110",0,0,0,0
"2113",0,0,0,0
"2115",0,0,0,0
"2117",0,0,0,0
"2120",0,0,0,0
"2122",0,0,0,0
"2123",0,0,0,0
"2124",0,0,0,0
"2125",0,0,0,0
"2126",0,0,0,0
"2127",0,0,0,0
"2128",0,0,0,0
"2129",0,0,0,0
"2130",0,0,0,0
"2131",0,0,0,0
"2132",0,0,0,0
"2133",0,0,0,0
"2134",0,0,0,0
"2135",0,0,0,0
"2136",0,0,0,0
"2137",0,0,0,0
"2138",0,0,0,0
"2139",0,0,0,0
"2140",0,0,0,0
"2141",0,0,0,0
"2142",0,0,0,0
"2143",0,0,0,0
"2144",0,0,0,0
"2145",0,0,0,0
"2146",0,0,0,0
"2147",0,0,0,0
"2148",0,0,0,0
"2149",0,0,0,0
"2152",0,0,0,0
"2155",0,0,0,0
"2156",0,0,0,0
"2158",0,0,0,0
"2159",0,0,0,0
"2160",0,0,0,0
"2161",0,0,0,0
"2162",0,0,0,0
"2163",0,0,0,0
"2164",0,0,0,0
"2165",0,0,0,0
"2166",0,0,0,0
"2167",0,0,0,0
"2168",0,0,0,0
"2169",0,0,0,0
"2170",0,0,0,0
"2171",0,0,0,0
"2172",0,0,0,0
"2173",0,0,0,0
"2174",0,0,0,0
"2175",0,0,0,0
"2176",0,0,0,0
"2177",0,0,0,0
"2178",0,0,0,0
"2179",0,0,0,0
"2180",0,0,0,0
"2181",0,0,0,0
"2183",0,0,0,0
"2184",0,0,0,0
"2185",0,0,0,0
"2186",0,0,0,0
"2187",0,0,0,0
"2188",0,0,0,0
"2189",0,0,0,0
"2190",0,0,0,0
"2191",0,0,0,0
"2192",0,0,0,0
"2193",0,0,0,0
"2197",0,0,0,0
"2198",0,0,0,0
"2199",0,0,0,0
"2200",0,0,0,0
"2201",0,0,0,0
"2202",0,0,0,0
"2203",0,0,0,0
"2204",0,0,0,0
"2207",0,0,0,0
"2208",0,0,0,0
"2209",0,0,0,0
"2210",0,0,0,0
"2211",0,0,0,0
"2212",0,0,0,0
"2213",0,0,0,0
"2214",0,0,0,0
"2215",0,0,0,0
"2216",0,0,0,0
"2217",0,0,0,0
"2218",0,0,0,0
"2219",0,0,0,0
"2220",0,0,0,0
"2221",0,0,0,0
"2223",0,0,0,0
"2224",0,0,0,0
"2226",0,0,0,0
"2227",0,0,0,0
"2228",0,0,0,0
"2229",0,0,0,0
"2230",0,0,0,0
"2231",0,0,0,0
"2232",0,0,0,0
"2233",0,0,0,0
"2234",0,0,0,0
"2235",0,0,0,0
"2236",0,0,0,0
"2237",0,0,0,0
"2238",0,0,0,0
"2239",0,0,0,0
"2240",0,0,0,0
"2241",0,0,0,0
"2242",0,0,0,0
"2243",0,0,0,0
"2244",0,0,0,0
"2245",0,0,0,0
"2246",0,0,0,0
"2247",0,0,0,0
"2248",0,0,0,0
"2249",0,0,0,0
"2251",0,0,0,0
"2252",0,0,0,0
"2253",0,0,0,0
"2254",0,0,0,0
"2255",0,0,0,0
"2256",0,0,0,0
"2257",0,0,0,0
"2258",0,0,0,0
"2259",0,0,0,0
"2260",0,0,0,0
"2261",0,0,0,0
"2262",0,0,0,0
"2263",0,0,0,0
"2268",0,0,0,0
"2271",0,0,0,0
"2274",0,0,0,0
"2276",0,0,0,0
"2278",0,0,0,0
"2279",0,0,0,0
"2280",0,0,0,0
"2281",0,0,0,0
"2282",0,0,0,0
"2283",0,0,0,0
"2284",0,0,0,0
"2285",0,0,0,0
"2286",0,0,0,0
"2287",0,0,0,0
"2288",0,0,0,0
"2289",0,0,0,0
"2290",0,0,0,0
"2291",0,0,0,0
"2292",0,0,0,0
"2295",0,0,0,0
"2296",0,0,0,0
"2297",0,0,0,0
"2298",0,0,0,0
"2299",0,0,0,0
"2300",0,0,0,0
"2301",0,0,0,0
"2302",0,0,0,0
"2303",0,0,0,0
"2304",0,0,0,0
"2305",0,0,0,0
"2306",0,0,0,0
"2309",0,0,0,0
"2310",0,0,0,0
"2311",0,0,0,0
"2314",0,0,0,0
"2315",0,0,0,0
"2316",0,0,0,0
"2317",0,0,0,0
"2318",0,0,0,0
"2319",0,0,0,0
"2320",0,0,0,0
"2321",0,0,0,0
"2322",0,0,0,0
"2323",0,0,0,0
"2326",0,0,0,0
"2328",0,0,0,0
"2329",0,0,0,0
"2330",0,0,0,0
"2331",0,0,0,0
"2333",0,0,0,0
"2334",0,0,0,0
"2335",0,0,0,0
"2336",0,0,0,0
"2337",0,0,0,0
"2346",0,0,0,0
"2347",0,0,0,0
"2348",0,0,0,0
"2349",0,0,0,0
"2350",0,0,0,0
"2351",0,0,0,0
"2352",0,0,0,0
"2353",0,0,0,0
"2354",0,0,0,0
"2355",0,0,0,0
"2356",0,0,0,0
"2357",0,0,0,0
"2358",0,0,0,0
"2359",0,0,0,0
"2360",0,0,0,0
"2361",0,0,0,0
"2362",0,0,0,0
"2363",0,0,0,0
"2364",0,0,0,0
"2365",0,0,0,0
"2366",0,0,0,0
"2367",0,0,0,0
"2368",0,0,0,0
"2369",0,0,0,0
"2370",0,0,0,0
"2372",0,0,0,0
"2373",0,0,0,0
"2375",0,0,0,0
"2376",0,0,0,0
"2378",0,0,0,0
"2379",0,0,0,0
"2380",0,0,0,0
"2381",0,0,0,0
"2382",0,0,0,0
"2383",0,0,0,0
"2384",0,0,0,0
"2385",0,0,0,0
"2386",0,0,0,0
"2387",0,0,0,0
"2389",0,0,0,0
"2391",0,0,0,0
"2393",0,0,0,0
"2394",0,0,0,0
"2395",0,0,0,0
"2396",0,0,0,0
"2398",0,0,0,0
"2399",0,0,0,0
"2400",0,0,0,0
"2402",0,0,0,0
"2403",0,0,0,0
"2404",0,0,0,0
"2405",0,0,0,0
"2406",0,0,0,0
"2407",0,0,0,0
"2408",0,0,0,0
"2409",0,0,0,0
"2410",0,0,0,0
"2414",0,0,0,0
"2416",0,0,0,0
"2417",0,0,0,0
"2418",0,0,0,0
"2419",0,0,0,0
"2420",0,0,0,0
"2421",0,0,0,0
"2422",0,0,0,0
"2424",0,0,0,0
"2425",0,0,0,0
"2427",0,0,0,0
"2428",0,0,0,0
"2431",0,0,0,0
"2432",0,0,0,0
"2433",0,0,0,0
"2435",0,0,0,0
"2436",0,0,0,0
"2438",0,0,0,0
"2440",0,0,0,0
"2441",0,0,0,0
"2442",0,0,0,0
"2443",0,0,0,0
"2445",0,0,0,0
"2446",0,0,0,0
"2447",0,0,0,0
"2448",0,0,0,0
"2450",0,0,0,0
"2452",0,0,0,0
"2453",0,0,0,0
"2454",0,0,0,0
"2455",0,0,0,0
"2456",0,0,0,0
"2459",0,0,0,0
"2460",0,0,0,0
"2465",0,0,0,0
"61",45,41353,0.8,0.642
"60",45,41263,0.9,0.615
"69",45,41628,0.9,0.722
"65",45,41445,1,0.68
"68",45,41537,1,0.709
"57",45,41172,1.1,0.586
"59",45,41263,1.1,0.615
"66",45,41537,1.1,0.71
"52",45,40897,1.2,0.476
"54",45,40988,1.2,0.506
"67",45,41537,1.2,0.712
"53",45,40897,1.3,0.477
"58",45,41172,1.3,0.583
"62",45,41353,1.3,0.647
"64",45,41445,1.3,0.678
"56",45,41080,1.4,0.544
"55",45,41080,1.5,0.545
"63",45,41445,1.5,0.682
"152",67,43179,1.3,1.209
"136",67,42358,1.4,0.853
"151",67,43179,1.4,1.205
"158",67,43454,1.4,1.26
"150",67,43089,1.5,1.184
"156",67,43271,1.5,1.231
"157",67,43363,1.5,1.26
"137",67,42358,1.6,0.873
"138",67,42449,1.6,0.864
"143",67,42633,1.7,0.987
"145",67,42724,1.7,1.047
"146",67,42814,1.7,1.079
"149",67,42998,1.7,1.158
"153",67,43179,1.7,1.208
"155",67,43271,1.7,1.228
"139",67,42449,1.8,0.869
"144",67,42633,1.8,0.974
"147",67,42906,1.8,1.122
"154",67,43271,1.8,1.222
"141",67,42541,1.9,0.886
"148",67,42906,1.9,1.101
"140",67,42449,2,0.853
"142",67,42541,2,0.864
"321",946,43089,1.7,1.584
"322",946,43332,1.73,1.652
"320",946,42724,1.92,1.452
"343",1812,41333,1.58,3.418
"348",1928,41263,1.37,1.252
"351",2202,41120,1.7,1.245
"354",2261,41249,1.4,1.321
"359",2282,41263,1.45,1.515
"360",2282,43089,2.01,2.069
"373",2503,41352,1.09,1.038
"375",2503,43178,1.69,1.669
"378",2531,41178,1.4,1.201
"380",2531,43004,1.96,1.787
"385",2602,41541,1.49,1.529
"398",2768,41172,1.79,2.89
"397",2768,41117,2.16,2.863
"399",2768,41425,2.19,3.051
"395",2768,40931,2.39,2.748
"403",2801,43056,1.88,1.823
"415",2914,41114,1.68,0.995
"418",3101,41430,1.78,1.518
"421",3231,43039,2.08,3.167
"2423",3234,41242,1.56,2.389
"423",3382,41445,1.48,1.161
"425",3382,43271,1.94,1.748
"428",3401,41416,1.56,1.302
"438",3404,41260,1.41,1.16
"462",3893,42880,1.96,1.899
"461",3893,42821,1.97,1.907
"465",3941,41241,1.42,1.459
"470",4004,41233,1.49,2.29
"469",4004,41079,1.81,2.243
"479",4005,41386,1.18,1.129
"490",4005,43210,1.76,1.802
"489",4005,42993,1.94,1.721
"488",4005,42793,1.95,1.661
"487",4005,42488,2.14,1.467
"505",4010,43322,2.03,2.017
"504",4010,42709,2.05,1.864
"512",4061,41068,1.56,1.328
"513",4061,41436,1.63,1.442
"516",4091,41074,1.58,1.254
"518",4114,41162,1.45,1.207
"527",4183,40942,1.4,1.157
"528",4183,41031,1.42,1.225
"536",4183,42857,1.93,1.872
"535",4183,42769,1.96,1.805
"534",4183,42681,2.09,1.774
"543",4208,41059,1.67,1.758
"546",4217,42598,2.17,1.557
"551",4523,41431,1.63,1.087
"563",4661,43131,1.7,1.666
"578",5001,43262,2.09,1.847
"577",5001,42529,2.27,1.514
"581",5016,41347,1.37,1.543
"582",5016,41442,1.78,1.564
"583",5016,43266,2.32,2.084
"598",5110,43270,2.17,1.893
"597",5110,42914,2.19,1.781
"599",5191,41431,1.61,1.137
"602",5201,41165,1.35,0.992
"606",5202,41416,2.24,3.365
"608",5219,41323,2.87,6.827
"612",5232,41339,1.46,1.405
"618",5332,41162,1.42,1.044
"619",5334,41117,1.65,0.938
"634",5401,43089,1.66,1.627
"636",5401,43271,1.714,1.679
"633",5401,42998,1.77,1.603
"637",5401,43363,1.891,1.719
"635",5401,43179,1.92,1.661
"654",5405,41389,1.19,1.18
"652",5405,41050,1.42,1.104
"650",5405,40959,1.46,1.022
"656",5405,41632,1.477,1.272
"669",5406,41297,1.19,1.358
"671",5406,41388,1.29,1.381
"677",5406,43123,1.81,1.97
"678",5406,43214,1.84,1.977
"676",5406,43035,1.97,1.893
"675",5406,42788,2.07,1.829
"683",5407,41233,1.37,1.271
"684",5407,41425,1.66,1.326
"685",5407,43252,2.2,1.892
"693",5411,41527,1.278,1.115
"691",5411,41024,1.33,0.968
"692",5411,41233,1.33,1.034
"698",5471,41445,1.9,1.434
"703",5486,43035,1.97,1.826
"708",5706,41051,1.45,1.31
"709",5706,41417,1.61,1.427
"715",5713,40938,1.42,1.203
"732",5803,41305,1.16,1.306
"731",5803,40987,1.42,1.161
"733",5803,43131,1.79,1.93
"735",5938,41254,1.42,1.435
"739",5960,42811,1.83,1.581
"741",6135,41481,1.7,1.928
"750",6201,43363,1.72,1.72
"749",6201,42633,1.95,1.443
"753",6301,41424,1.53,1.076
"752",6301,41117,1.66,0.968
"757",6326,41333,1.27,1.096
"763",6448,41121,1.68,1.188
"769",6471,41338,1.42,1.387
"767",6471,40962,1.5,1.271
"772",6471,42789,2.13,1.768
"775",6472,41436,1.66,1.391
"787",6502,42699,2.2,2.184
"793",6503,41250,1.4,1.055
"799",6504,41302,1.34,1.77
"800",6504,41387,1.44,1.804
"797",6504,41023,1.48,1.652
"798",6504,41172,1.62,1.698
"803",6665,40932,2.09,7.407
"805",6665,41242,2.1,7.623
"809",6701,41522,1.47,1.394
"813",6702,41177,1.49,1.321
"817",6707,41535,1.66,1.622
"820",6724,41072,1.7,1.633
"825",6754,41178,1.87,5.547
"833",6758,41628,1.403,1.294
"836",6758,43454,2.004,1.908
"858",7011,41164,1.47,1.042
"863",7011,42990,2.03,1.753
"862",7011,42620,2.04,1.566
"874",7013,41078,1.89,3.218
"880",7201,41080,1.76,2.253
"899",7261,41442,1.73,1.704
"904",7282,41324,1.26,1.232
"908",7701,41360,1.22,1.322
"912",7741,41172,1.42,1.011
"914",7741,42998,1.93,1.618
"923",7984,41171,1.44,1.268
"924",7988,41401,1.38,1.277
"936",8001,43059,1.9,1.939
"935",8001,42874,1.99,1.9
"934",8001,42851,2.02,1.859
"932",8001,42702,2.09,1.834
"933",8001,42759,2.11,1.83
"931",8001,42663,2.17,1.813
"937",8001,43271,2.28,1.973
"956",8002,41499,1.62,1.651
"950",8002,41072,1.71,1.52
"955",8002,41428,1.75,1.634
"963",8015,42529,2.26,1.572
"983",8031,42815,1.78,1.629
"982",8031,42815,1.86,1.648
"984",8031,43250,1.895,1.796
"981",8031,42724,1.94,1.594
"980",8031,42600,2.09,1.517
"1004",8053,42625,1.91,1.557
"1005",8053,42899,1.98,1.691
"1003",8053,42613,2.12,1.546
"1008",8056,41351,1.38,1.434
"1029",8058,43089,1.74,1.7
"1028",8058,42998,1.75,1.66
"1026",8058,42811,1.8,1.598
"1031",8058,43306,1.9,1.752
"1030",8058,43242,1.99,1.739
"1025",8058,42633,2,1.492
"1027",8058,42944,2.08,1.651
"1036",8086,41338,1.37,1.407
"1037",8086,43164,2.04,1.927
"1043",8252,41242,1.39,1.72
"1051",8253,40942,1.47,3.132
"1052",8253,41026,1.53,3.105
"1057",8253,42852,2.07,3.962
"1056",8253,42485,2.41,3.974
"1079",8308,41445,1.7,2.13
"1087",8310,41299,1.11,1.272
"1088",8310,41390,1.295,1.306
"1084",8310,41026,1.36,1.183
"1089",8310,41474,1.39,1.328
"1083",8310,40935,1.4,1.146
"1086",8310,41208,1.435,1.235
"1090",8310,41618,1.52,1.362
"1085",8310,41117,1.605,1.212
"1094",8310,43035,1.945,1.926
"1093",8310,42943,2.08,1.891
"1095",8310,43161,2.26,2.821
"1137",8315,41292,1.165,1.205
"1139",8315,41379,1.175,1.232
"1131",8315,41019,1.35,1.116
"1142",8315,41471,1.37,1.249
"1135",8315,41199,1.49,1.169
"1134",8315,41120,1.56,1.149
"1149",8315,42845,1.87,1.799
"1152",8315,43294,1.885,1.893
"1151",8315,43025,1.985,1.837
"1147",8315,42473,2.06,1.558
"1150",8315,42944,2.16,2.601
"1148",8315,42674,2.28,2.449
"1163",8327,42842,2.7,4.279
"1167",8354,41529,1.46,1.539
"1174",8363,40984,1.47,1.618
"1178",8379,42998,1.89,2.325
"1186",8403,42865,1.95,3.039
"1185",8403,42487,2.25,2.764
"1213",8412,41292,1.11,1.183
"1214",8412,41383,1.18,1.213
"1209",8412,41019,1.32,1.105
"1212",8412,41201,1.33,1.159
"1215",8412,41474,1.36,1.232
"1208",8412,40928,1.4,1.051
"1211",8412,41110,1.6,1.119
"1220",8412,42782,2.11,2.563
"1221",8412,43089,2.17,2.612
"1226",8413,42852,1.99,2.705
"1227",8413,43126,2.06,2.83
"1225",8413,42678,2.25,2.6
"1241",8433,41628,1.33,1.179
"1239",8433,41263,1.42,1.057
"1240",8433,41445,1.67,1.125
"1238",8433,41080,1.69,1.004
"1257",8461,41445,1.31,1.344
"1256",8461,41080,1.48,1.207
"1276",8498,41445,1.1,1.192
"1278",8498,41628,1.24,1.237
"1273",8498,41080,1.36,1.073
"1275",8498,41263,1.44,1.126
"1277",8498,41628,1.46,1.234
"1283",8498,42811,1.82,1.626
"1286",8498,43454,1.82,1.814
"1285",8498,42998,1.89,1.695
"1284",8498,42906,1.93,1.658
"1282",8498,42633,1.97,1.519
"1280",8498,42447,2.04,1.418
"1281",8498,42541,2.07,1.44
"1303",8515,40991,1.99,10.49
"1324",8570,41100,1.78,2.133
"1341",8572,40948,1.85,5.476
"1340",8572,40931,2.03,5.456
"1380",8586,41445,1.24,1.228
"1379",8586,41263,1.36,1.165
"1378",8586,41080,1.6,1.099
"1416",8591,41059,1.63,4.778
"1415",8591,40977,1.65,4.701
"1417",8591,41157,1.79,4.786
"1422",8591,42843,2.19,5.575
"1429",8593,41060,1.58,2.169
"1434",8601,41323,1.43,2.138
"1433",8601,41177,1.5,2.044
"1435",8601,41522,1.66,2.202
"1445",8604,40991,1.35,1.947
"1447",8604,41240,1.39,2.034
"1446",8604,41135,1.63,1.976
"1448",8604,42817,1.86,2.659
"1450",8604,43066,1.91,2.734
"1449",8604,42961,2.12,2.68
"1454",8694,43185,2.28,3.036
"1461",8752,41263,1.31,1.5
"1463",8793,41114,1.9,1.4
"1477",8801,42811,1.84,1.902
"1476",8801,42717,1.91,1.822
"1480",8801,43250,1.915,2.047
"1479",8801,42998,1.965,1.962
"1475",8801,42636,1.99,1.807
"1478",8801,42906,2.055,1.924
"1500",8802,43214,1.65,1.872
"1504",8802,43363,1.72,1.927
"1499",8802,43054,1.77,1.8
"1495",8802,42811,1.79,1.737
"1497",8802,42998,1.825,1.817
"1503",8802,43305,1.84,1.895
"1494",8802,42724,1.88,1.663
"1493",8802,42667,1.985,1.64
"1501",8802,43255,2.005,1.881
"1496",8802,42944,2.045,1.789
"1524",8804,40987,1.6,2.761
"1531",8806,42643,2.07,1.851
"1533",8809,43004,2.03,2.339
"1537",8815,41221,1.5,3.314
"1536",8815,41117,1.84,3.275
"1550",8830,41120,1.76,3.372
"1549",8830,41087,1.8,3.397
"1557",8834,41086,2.77,1.711
"1560",8840,40980,1.88,9.232
"1565",8905,41492,1.6,1.329
"1566",8933,42633,1.9,1.528
"1567",8933,43179,2.02,1.755
"2426",8951,40975,1.48,2.223
"2429",8951,42879,2.04,2.942
"2430",8952,41078,1.67,2.267
"2434",8953,41052,1.6,2.368
"2437",8953,42878,2.17,3.109
"2439",8955,41113,1.85,2.379
"2444",8957,41206,1.65,2.398
"2449",8959,40987,1.61,2.603
"2451",8959,42811,2.21,3.304
"2457",8962,40948,1.84,7.059
"2458",8962,41165,1.9,6.911
"2461",8966,41213,2.17,6.437
"2462",8972,40983,1.74,4.557
"2463",8972,42809,2.37,5.754
"2464",8978,41234,2.03,5.459
"1576",9001,41026,1.6,1.562
"1577",9001,41431,1.72,1.665
"1579",9001,43178,2.19,2.22
"1592",9005,43257,2.16,2.036
"1591",9005,42534,2.3,1.751
"1599",9006,42992,2.05,1.79
"1609",9007,41625,1.377,1.184
"1610",9007,42590,2.24,1.446
"1616",9008,43068,1.695,1.635
"1619",9009,41079,1.78,1.33
"1622",9009,42774,2.12,1.763
"1623",9009,42905,2.27,1.806
"1649",9020,43210,1.62,1.515
"1652",9020,43454,1.7,1.557
"1651",9020,43306,1.745,1.541
"1645",9020,42842,1.81,1.384
"1647",9020,42998,1.86,1.446
"1643",9020,42633,1.97,1.294
"1681",9021,43445,1.7,1.564
"1707",9022,43153,1.69,1.498
"1705",9022,42998,1.75,1.46
"1701",9022,42846,1.78,1.386
"1702",9022,42874,1.78,1.398
"1709",9022,43242,1.83,1.522
"1700",9022,42724,1.88,1.34
"1699",9022,42541,2,1.215
"315",9023,43089,1.6,1.485
"313",9023,42633,1.9,1.284
"314",9023,42998,1.93,1.453
"1737",9031,43355,1.85,1.831
"1736",9031,42842,2,1.686
"1735",9031,42487,2.36,1.582
"1750",9041,41177,1.65,1.475
"1758",9042,41108,1.85,1.383
"1766",9044,41067,1.75,1.502
"1767",9044,41431,1.9,1.6
"1772",9045,42541,2.27,1.659
"1775",9048,40948,1.45,1.278
"1781",9048,43144,1.88,1.841
"1782",9048,43350,1.94,1.886
"1780",9048,42985,2.01,1.788
"1779",9048,42898,2.1,1.804
"1778",9048,42775,2.11,1.738
"1783",9052,40981,1.78,1.402
"1784",9062,43130,1.59,1.604
"1786",9070,41430,2.11,1.487
"1787",9072,41212,1.51,1.329
"1791",9101,41080,1.67,0.955
"1795",9101,42906,2.05,1.588
"1794",9101,42543,2.06,1.355
"1799",9104,41627,1.428,1.354
"1814",9202,41428,1.84,3.006
"1819",9202,43252,2.45,3.559
"1826",9301,43263,2.08,1.731
"1830",9302,41535,1.45,1.381
"1832",9304,41439,2.2,1.588
"1834",9383,43354,1.726,1.677
"1833",9383,42998,1.91,1.578
"1836",9401,42528,2.26,1.439
"1855",9432,43089,1.54,1.482
"1854",9432,42811,1.77,1.382
"1856",9432,43179,1.82,1.506
"1853",9432,42541,2.06,1.245
"1862",9433,41263,1.3,1.077
"1863",9433,41445,1.54,1.138
"1874",9437,41628,1.26,1.087
"1876",9437,43363,1.77,1.636
"1875",9437,43271,1.96,1.59
"1912",9501,41389,1.094,0.984
"1915",9501,41627,1.202,1.06
"1950",9501,43187,1.591,1.523
"1953",9501,43215,1.602,1.53
"1952",9501,43215,1.64,1.53
"1948",9501,43129,1.672,1.508
"1956",9501,43390,1.699,1.577
"1938",9501,42822,1.73,1.404
"1945",9501,43006,1.75,1.477
"1946",9501,43069,1.772,1.49
"1939",9501,42886,1.78,1.421
"1937",9501,42808,1.795,1.4
"1944",9501,43003,1.845,1.473
"1955",9501,43306,1.849,1.556
"1935",9501,42641,1.88,1.32
"1942",9501,42975,1.945,1.464
"1933",9501,42548,1.97,1.243
"1954",9501,43276,1.976,1.542
"1940",9501,42941,2.025,1.441
"1934",9501,42613,2.06,1.307
"1932",9501,42521,2.08,1.235
"1988",9502,41603,1.209,1.025
"2022",9502,43336,1.691,1.548
"2017",9502,43063,1.77,1.465
"2011",9502,42760,1.79,1.359
"2010",9502,42699,1.88,1.33
"2009",9502,42636,1.89,1.295
"2006",9502,42515,2.03,1.207
"2008",9502,42607,2.03,1.268
"2043",9503,41389,1.09,0.963
"2050",9503,41603,1.17,1.024
"2047",9503,41572,1.2,1.013
"2046",9503,41537,1.22,0.999
"2042",9503,41235,1.28,0.911
"2041",9503,41145,1.46,0.882
"2044",9503,41445,1.48,0.978
"2075",9503,43125,1.61,1.489
"2078",9503,43215,1.64,1.506
"2076",9503,43154,1.66,1.497
"2080",9503,43363,1.67,1.56
"2082",9503,43398,1.7,1.56
"2074",9503,43089,1.77,1.474
"2069",9503,42880,1.78,1.396
"2084",9503,43426,1.79,1.559
"2072",9503,42998,1.83,1.46
"2065",9503,42633,1.85,1.294
"2066",9503,42699,1.85,1.337
"2070",9503,42941,2.01,1.416
"2062",9503,42515,2.03,1.21
"2064",9503,42607,2.03,1.271
"2063",9503,42576,2.17,1.242
"2100",9504,41542,1.229,1.007
"2119",9504,43368,1.658,1.561
"2121",9504,43398,1.702,1.559
"2116",9504,43063,1.78,1.467
"2112",9504,42850,1.81,1.386
"2114",9504,43003,1.86,1.445
"2118",9504,43245,1.905,1.511
"2111",9504,42668,1.93,1.315
"2108",9504,42545,2.09,1.217
"2157",9505,43306,1.84,1.547
"2154",9505,43033,1.89,1.463
"2153",9505,42909,2.01,1.408
"2150",9505,42515,2.08,1.201
"2151",9505,42607,2.11,1.27
"2182",9506,41542,1.228,0.999
"2206",9506,43426,1.792,1.563
"2205",9506,43306,1.858,1.535
"2196",9506,42668,1.88,1.31
"2195",9506,42636,1.92,1.294
"2194",9506,42515,2.09,1.209
"2225",9507,43215,1.62,1.51
"2222",9507,42972,1.79,1.436
"2250",9508,41572,1.243,1.011
"2275",9508,43336,1.654,1.546
"2273",9508,43154,1.66,1.491
"2272",9508,43063,1.79,1.47
"2277",9508,43426,1.792,1.559
"2267",9508,42850,1.81,1.387
"2266",9508,42760,1.82,1.358
"2270",9508,43003,1.86,1.451
"2265",9508,42545,2.01,1.221
"2269",9508,42909,2.01,1.407
"2264",9508,42515,2.08,1.223
"2294",9509,41572,1.208,1.015
"2293",9509,41450,1.64,0.983
"2313",9509,43398,1.702,1.558
"2308",9509,43003,1.86,1.46
"2307",9509,42941,2.01,1.436
"2312",9509,43276,2.027,1.528
"2327",9511,43454,1.719,1.57
"2325",9511,42906,1.83,1.413
"2324",9511,42541,2.02,1.229
"2332",9513,41628,1.21,1.05
"2344",9513,43179,1.6,1.527
"2343",9513,42998,1.69,1.492
"2342",9513,42998,1.74,1.486
"2340",9513,42724,1.79,1.369
"2345",9513,43179,1.82,1.529
"2341",9513,42906,1.94,1.436
"2338",9513,42541,1.99,1.245
"2339",9513,42541,2.07,1.233
"2371",9532,41605,1.199,1.024
"2377",9532,43298,1.782,1.54
"2374",9532,42724,1.79,1.35
"2388",9533,41537,1.218,1.017
"2392",9533,43363,1.658,1.576
"2390",9533,42541,2.07,1.23
"2397",9534,43089,1.94,1.71
"2401",9535,43341,1.79,1.785
"2411",9613,41445,1.1,1.01
"2412",9613,43179,1.6,1.552
"2413",9613,43454,1.78,1.609
"2415",9766,41157,1.61,1.466
